ULIKey,FirstSeen,Address,Village,Price,VLSNumber,DaysOnMarket
S603.97,2026-02-21,1702 ROSALES RD,The Village Alhambra,289900,247536,0
S601.24,2026-02-21,1627 CAMPOS DR,The Village Alhambra,274900,249190,0
S601.38,2026-02-21,1613 NAVIDAD ST,The Village Alhambra,315000,248904,0
S601.126,2026-02-21,1619 CAMPOS DR,The Village Alhambra,259900,248911,0
S24.3,2026-02-21,2645 PRIVADA DR,The Village Alhambra,259900,247244,0
S31.114,2026-02-21,2724 BENAVIDES DR,The Village Alhambra,349700,248721,0
S31.158,2026-02-21,1708 BETRILLO CT,The Village Alhambra,329900,247224,0
L7.1108,2026-02-21,1534 W SCHWARTZ BLVD,The Village of Country Club Hills,259850,249250,0
L7.1145,2026-02-21,1617 LAUREN LN,The Village of Country Club Hills,274555,248783,0
L7.1382,2026-02-21,1667 W SCHWARTZ BLVD,The Village of Country Club Hills,125000,249063,0
L7.1383,2026-02-21,1669 W SCHWARTZ BLVD,The Village of Country Club Hills,184000,248533,0
L7.1389,2026-02-21,1705 W SCHWARTZ BLVD,The Village of Country Club Hills,209000,248163,0
L7.1407,2026-02-21,1743 W SCHWARTZ BLVD,The Village of Country Club Hills,115900,245658,0
L8.1493,2026-02-21,1630 MAGNOLIA AVE,The Village of Country Club Hills,214900,249246,0
L8.1862,2026-02-21,917 ROSE LN,The Village of Country Club Hills,144900,249358,0
L8.1967,2026-02-21,1835 HOLLY LN,The Village of Country Club Hills,199900,247829,0
L8.1968,2026-02-21,1833 HOLLY LN,The Village of Country Club Hills,168500,248998,0
L9.2578,2026-02-21,1732 MYRTLE BEACH DR,The Village of Country Club Hills,179900,248506,0
L9.2667,2026-02-21,1609 DORAL CIR,The Village of Country Club Hills,219900,249146,0
L10.2266,2026-02-21,1701 PALM AIRE DR,The Village of Country Club Hills,237000,249243,0
L10.2306,2026-02-21,1612 BAY MEADOWS LN,The Village of Country Club Hills,259900,248239,0
L10.2343,2026-02-21,1507 HILLCREST DR,The Village of Country Club Hills,259000,249333,0
L10.2361,2026-02-21,1534 HILLCREST DR,The Village of Country Club Hills,275000,248387,0
L10.2415,2026-02-21,715 SAINT ANDREWS BLVD,The Village of Country Club Hills,209000,248640,0
L11.2819,2026-02-21,1601 PINEHURST DR,The Village of Country Club Hills,249900,249239,0
L13.3317,2026-02-21,1411 W SCHWARTZ BLVD,The Village of Country Club Hills,239000,248527,0
L13.3400,2026-02-21,1124 PARADISE DR,The Village of Country Club Hills,234900,248015,0
L13.3435,2026-02-21,1131 PARADISE DR,The Village of Country Club Hills,229000,248116,0
S14.35,2026-02-21,617 SAN MARINO DR,The Village de La Vista,445000,248521,0
S692.19,2026-02-21,605 ENCONTO ST,The Village de La Vista,274700,249122,0
S695.94,2026-02-21,1718 SONORA ST,The Village de La Vista,238000,249308,0
L14.4704,2026-02-21,1142 DEL TORO DR,The Village Del Mar,359000,249191,0
L14.4715,2026-02-21,1214 DEL TORO DR,The Village Del Mar,299000,249216,0
L14.4828,2026-02-21,1214 GRANADA CT,The Village Del Mar,219900,249281,0
L14.4833,2026-02-21,1224 GRANADA CT,The Village Del Mar,215000,246785,0
L15.4986,2026-02-21,711 BOLIVAR ST,The Village Del Mar,215000,249204,0
L15.5066,2026-02-21,1214 MARIA CT,The Village Del Mar,288900,248745,0
L15.5115,2026-02-21,622 PRADO DR,The Village Del Mar,269900,249315,0
L15.5126,2026-02-21,1223 SANTOS PL,The Village Del Mar,279900,249240,0
L82.98,2026-02-21,1214 FERNANDO LN,The Village Del Mar,419000,248599,0
S640.23,2026-02-21,3182 WILLOW BROOK LN,The Village of Glenbrook,519900,248290,0
S33.146,2026-02-21,3161 BURBANK LN,The Village of Glenbrook,799000,248190,0
S33.218,2026-02-21,3057 HILLSIDE LN,The Village of Glenbrook,349500,247745,0
S37.107,2026-02-21,1252 NILES CT,The Village of Glenbrook,465000,248442,0
S38.55,2026-02-21,3270 MUNDELEIN PL,The Village of Glenbrook,400000,249298,0
S39.12,2026-02-21,3472 WORTH CIR,The Village of Glenbrook,889000,249301,0
S39.226,2026-02-21,3400 CARBONDALE CT,The Village of Glenbrook,359900,248703,0
S8.25,2026-02-21,1108 SAN ANTONIO LN,The Village Hacienda,379900,249343,0
S844.14,2026-02-21,1227 CADIZ TER,The Village Hacienda,624900,248973,0
L22.5993,2026-02-21,522 LOMA PASEO DR,The Village La Reynalda,579000,249297,0
L22.6001,2026-02-21,538 LOMA PASEO DR,The Village La Reynalda,729000,248597,0
L23.6152,2026-02-21,108 COSTA MESA DR,The Village La Zamora,439900,247740,0
S634.68,2026-02-21,1660 BELLE GROVE DR,The Village of Belle Aire,299000,246751,0
S611.73,2026-02-21,3111 CARROLLTON CT,The Village of Belle Aire,285000,246915,0
S41.93,2026-02-21,3436 RICHMOND DR,The Village of Belle Aire,309500,248147,0
S41.104,2026-02-21,3366 RESTON DR,The Village of Belle Aire,399000,248523,0
S612.81,2026-02-21,3565 ROANOKE ST,The Village of Belle Aire,279000,247737,0
L17.5432,2026-02-21,1117 SAN REMO LN,The Village Mira Mesa,299000,247843,0
L17.5650,2026-02-21,508 DEL MAR DR,The Village Mira Mesa,279711,248561,0
L19.5890,2026-02-21,206 DESOTA CT,The Village Mira Mesa,342000,247771,0
L21.5944,2026-02-21,513 CHULA VISTA AVE,The Village Mira Mesa,329000,248669,0
L1.48,2026-02-21,1027 ALOHA WAY,The Village of Orange Blossom Gardens,269900,248339,0
L1.91,2026-02-21,1305 TEAKWOOD LN,The Village of Orange Blossom Gardens,164500,248243,0
L100.26,2026-02-21,1144 AVENIDA DE LAS CASAS,The Village of Spanish Springs,350000,247787,0
L103.12,2026-02-21,1052 AVENIDA SONOMA,The Village of Spanish Springs,539000,248159,0
S13.207,2026-02-21,2025 SALINAS AVE,The Village Palo Alto,374900,248287,0
S21.26,2026-02-21,2109 GERARDO AVE,The Village Palo Alto,445000,246805,0
S696.46,2026-02-21,1006 MI TIERRA WAY,The Village Palo Alto,449000,249015,0
S34.127,2026-02-21,3000 SANDY LN,The Village of Polo Ridge,439900,247931,0
S34.158,2026-02-21,3008 BRIDGEFIELD CT,The Village of Polo Ridge,455000,248951,0
S35.78,2026-02-21,3243 MANSFIELD ST,The Village of Polo Ridge,299711,249278,0
S35.130,2026-02-21,3224 ROSWELL RD,The Village of Polo Ridge,329000,248718,0
S36.161,2026-02-21,3147 MANSFIELD ST,The Village of Polo Ridge,459900,248701,0
S43.19,2026-02-21,660 ELLSWORTH WAY,The Village of Polo Ridge,325000,246728,0
S1.108,2026-02-21,612 SAN MARIA ST,The Village Rio Grande,420000,248483,0
S2.121,2026-02-21,1410 NAVARRO CT,The Village Rio Grande,325000,247783,0
S2.233,2026-02-21,817 RAMOS DR,The Village Rio Grande,319000,246993,0
S3.33,2026-02-21,917 RAMOS DR,The Village Rio Grande,725000,249316,0
S685.14,2026-02-21,1305 SANTA MARIA AVE,The Village Rio Grande,449500,249322,0
S686.32,2026-02-21,612 DELGADO AVE,The Village Rio Grande,299000,249227,0
S687.101,2026-02-21,231 MONTOYA DR,The Village Rio Ponderosa,249900,249304,0
S4.55,2026-02-21,228 JUAREZ WAY,The Village Rio Ponderosa,279900,248760,0
S4.338,2026-02-21,249 JUAREZ WAY,The Village Rio Ponderosa,239000,248448,0
S694.13,2026-02-21,880 TREVINO TER,The Village Rio Ranchero,335000,246304,0
S10.105,2026-02-21,906 CAMINO DEL REY DR,The Village Rio Ranchero,550000,247374,0
S27.121,2026-02-21,1302 TRINIDAD CT,The Village Santiago,550000,248004,0
S27.162,2026-02-21,2469 MERIDA CIR,The Village Santiago,349900,246606,0
S28.124,2026-02-21,1219 CARVELLO DR,The Village Santiago,324900,248584,0
S29.69,2026-02-21,1402 FIGUEROA ST,The Village Santiago,385000,248108,0
S30.34,2026-02-21,2567 CARIBE DR,The Village Santiago,359775,249288,0
S30.202,2026-02-21,2712 CASTILLO DR,The Village Santiago,375000,245198,0
S30.250,2026-02-21,2556 CARIBE DR,The Village Santiago,385000,248225,0
S606.30,2026-02-21,1105 SAN BERNARDO RD,The Village Santiago,309000,246501,0
S606.66,2026-02-21,1221 SANTA CRUZ DR,The Village Santiago,295000,249157,0
S605.79,2026-02-21,2801 SALAMANCA ST,The Village Santiago,269000,248286,0
S604.1,2026-02-21,1450 ALMANZA DR,The Village Santo Domingo,279000,247779,0
S600.70,2026-02-21,2144 ESCOBAR AVE,The Village Santo Domingo,274900,249344,0
S600.93,2026-02-21,1403 EMILIO CT,The Village Santo Domingo,259000,248770,0
S600.119,2026-02-21,2117 ESTEVEZ DR,The Village Santo Domingo,239000,248983,0
S22.220,2026-02-21,1909 LA QUINTA PL,The Village Santo Domingo,349000,249254,0
S25.67,2026-02-21,1728 ENRIQUE DR,The Village Santo Domingo,699000,248876,0
L3.273,2026-02-21,812 WEEPING WILLOW AVE,The Village of Silver Lake,124621,249108,0
L3.288,2026-02-21,822 BEECHWOOD AVE,The Village of Silver Lake,317500,248374,0
L4.573,2026-02-21,1007 KARNEY DR,The Village of Silver Lake,165000,248667,0
L5.690,2026-02-21,1110 DUSTIN DR,The Village of Silver Lake,189800,249287,0
L5.719,2026-02-21,1105 DUSTIN DR,The Village of Silver Lake,199900,248264,0
L6.844,2026-02-21,608 TARRSON BLVD,The Village of Silver Lake,284900,248979,0
L6.846,2026-02-21,604 TARRSON BLVD,The Village of Silver Lake,164000,248678,0
L10.2068,2026-02-21,719 TURNBERRY LN,The Village of Silver Lake,499900,248938,0
L12.3248,2026-02-21,527 BONITA DR,The Village of Silver Lake,315000,248886,0
L24.6306,2026-02-21,814 SANTA RITA WAY,The Village Valle Verde,429000,248395,0
M53.26,2026-02-21,8856 SE 177TH GRASSMERE ST,The Village of Springdale,544800,248626,0
M46.44,2026-02-21,17609 SE 90TH CLEMSON CIR,The Village of Springdale,399500,248942,0
M47.101,2026-02-21,9242 SE 179TH OSAGE PL,The Village of Springdale,325000,247966,0
M48.53,2026-02-21,9430 SE 176TH SAFFOLD ST,The Village of Springdale,365900,248438,0
M213.59,2026-02-21,17429 SE 93RD VINE AVE,The Village of Springdale,244900,248604,0
M213.61,2026-02-21,17449 SE 93RD VINE AVE,The Village of Springdale,269000,247248,0
M214.86,2026-02-21,17876 SE 91ST FREEDOM CT,The Village of Springdale,250900,248118,0
M214.98,2026-02-21,17831 SE 91ST GAYLARK AVE,The Village of Springdale,309000,248815,0
M49.87,2026-02-21,9192 SE 171ST DRAYTON PL,The Village of Woodbury,319000,249368,0
M50.38,2026-02-21,9345 SE 171ST LE FLORE LN,The Village of Woodbury,335000,248059,0
M52.40,2026-02-21,9565 SE 171ST ARGYLL ST,The Village of Woodbury,349999,249382,0
M52.53,2026-02-21,17088 SE 96TH CHAPELWOOD CIR,The Village of Woodbury,299999,247871,0
M232.68,2026-02-21,16806 SE 91ST PHILLIPS CT,The Village of Woodbury,529900,248541,0
M232.138,2026-02-21,16755 SE 91ST CRENSHAW TER,The Village of Woodbury,515000,249195,0
M44.46,2026-02-21,17869 SE 86TH AUBURN AVE,The Village of Piedmont,349500,247983,0
M45.128,2026-02-21,17953 SE 83RD RAWCLIFFE CT,The Village of Piedmont,262500,245758,0
M216.73,2026-02-21,8453 SE 177TH PENMAN PL,The Village of Piedmont,284900,248896,0
M217.42,2026-02-21,17448 SE 82ND ROSLYN CT,The Village of Piedmont,269800,249336,0
M62.193,2026-02-21,17325 SE 73RD PARK GLEN CT,The Village of Chatham,437000,246644,0
M57.20,2026-02-21,16846 SE 80TH BELLAVISTA CIR,The Village of Calumet Grove,549900,248740,0
M65.212,2026-02-21,16684 SE 78TH LIVE OAK AVE,The Village of Calumet Grove,319000,248388,0
M226.30,2026-02-21,8201 SE 169TH PALOWNIA LOOP,The Village of Calumet Grove,250000,247726,0
M226.64,2026-02-21,16979 SE 81ST CHARLESFORT AVE,The Village of Calumet Grove,249900,249241,0
M227.33,2026-02-21,17145 SE 76TH BOXBURY CT,The Village of Calumet Grove,289900,247826,0
M54.155,2026-02-21,16837 SE 86TH ALBANY AVE,The Village of Briar Meadow,414900,248402,0
M229.21,2026-02-21,8772 SE 166TH BIRCHBROOK LOOP,The Village of Briar Meadow,399000,248993,0
M218.19,2026-02-21,17487 SE 84TH FOXGROVE AVE,The Village of Briar Meadow,634500,249300,0
S68.26,2026-02-21,1088 BLYTHE WAY,The Village of Summerhill,335000,248915,0
S68.77,2026-02-21,3507 AUBURNDALE AVE,The Village of Summerhill,289000,249084,0
S69.50,2026-02-21,3636 IDLEWOOD LOOP,The Village of Summerhill,315000,249295,0
S69.185,2026-02-21,881 HENDERSON LN,The Village of Summerhill,299000,247297,0
S633.22,2026-02-21,3544 AMELIA AVE,The Village of Summerhill,264900,249053,0
S74.59,2026-02-21,2184 WILLOW GROVE WAY,The Village of Bonnybrook,1075000,247295,0
S81.68,2026-02-21,2361 CALLAWAY DR,The Village of Bonnybrook,389000,248553,0
S238.68,2026-02-21,437 ALDRICH AVE,The Village of Bonnybrook,277000,249376,0
S641.31,2026-02-21,2027 AVERY PL,The Village of Bonnybrook,387400,248723,0
S76.45,2026-02-21,651 HARTFORD LN,The Village of Belvedere,399900,248234,0
S79.65,2026-02-21,537 BALMORAL LN,The Village of Belvedere,695000,248801,0
S79.90,2026-02-21,546 FOXFIELD PATH,The Village of Belvedere,585000,248520,0
S645.32,2026-02-21,2837 REMINGTON RD,The Village of Belvedere,315555,248603,0
S72.8,2026-02-21,1832 HARTFORD PATH,The Village of Bridgeport at Lake Miona,924900,247902,0
S72.37,2026-02-21,1966 HARTFORD PATH,The Village of Bridgeport at Lake Miona,1175000,248062,0
S72.98,2026-02-21,1993 HARTFORD PATH,The Village of Bridgeport at Lake Miona,925000,247210,0
S643.30,2026-02-21,721 ROSELLA PL,The Village of Winifred,349900,249231,0
S70.37,2026-02-21,405 KINGSTON WAY,The Village of Winifred,467000,249249,0
S70.115,2026-02-21,1834 TREADWELL TER,The Village of Winifred,625000,247991,0
S646.39,2026-02-21,826 CARNEGIE CT,The Village of Ashland,299000,248655,0
S82.100,2026-02-21,2146 KAYLEE DR,The Village of Ashland,398500,248629,0
S83.11,2026-02-21,2208 JASPER WAY,The Village of Ashland,379900,247364,0
S87.46,2026-02-21,883 AIKEN AVE,The Village of Lynnhaven,319000,247867,0
S87.50,2026-02-21,2448 SALUDA ST,The Village of Lynnhaven,360000,248516,0
S89.61,2026-02-21,790 EVELYNTON LOOP,The Village of Lynnhaven,329900,248598,0
S90.45,2026-02-21,1194 BETHUNE WAY,The Village of Sunset Pointe,389000,248870,0
S91.18,2026-02-21,1420 STRATON WAY,The Village of Sunset Pointe,555000,247584,0
S91.30,2026-02-21,1484 TIDEWATER TER,The Village of Sunset Pointe,427900,248766,0
S92.30,2026-02-21,1774 BLYTHEWOOD LOOP,The Village of Sunset Pointe,780000,249248,0
S99.151,2026-02-21,1708 KENSINGTON PL,The Village of Poinciana,399000,249255,0
S655.53,2026-02-21,1523 ALEXANDRIA PL,The Village of Poinciana,375000,247769,0
S660.34,2026-02-21,2008 DORCHESTER AVE,The Village of Poinciana,339900,248677,0
S97.57,2026-02-21,1442 GREENVILLE WAY,The Village of Liberty Park,380000,249111,0
S98.7,2026-02-21,1637 BLUFFTON RD,The Village of Liberty Park,290000,248080,0
S661.21,2026-02-21,1398 CHESTERFIELD LN,The Village of Liberty Park,329900,249091,0
S661.28,2026-02-21,1399 GEORGIANA TER,The Village of Liberty Park,524900,248681,0
S661.37,2026-02-21,1398 GEORGIANA TER,The Village of Liberty Park,298700,248909,0
S657.16,2026-02-21,845 SOUTH SHORE LN,The Village of Lake Sumter Landing,1700000,247840,0
S106.76,2026-02-21,1433 FOREST ACRES DR,The Village of Virginia Trace,649000,248005,0
S106.101,2026-02-21,999 CARIBOU WAY,The Village of Virginia Trace,449900,248949,0
S107.9,2026-02-21,1372 HONEA PATH,The Village of Virginia Trace,587800,248784,0
S107.25,2026-02-21,1505 INMAN MILLS RD,The Village of Virginia Trace,688000,248850,0
S112.64,2026-02-21,1262 PAGELAND WAY,The Village of Caroline,350000,248944,0
S112.130,2026-02-21,299 LEESVILLE ST,The Village of Caroline,310000,248122,0
S670.18,2026-02-21,300 KATHERINE PL,The Village of Caroline,289000,249019,0
S670.29,2026-02-21,1567 WOODFIELD WAY,The Village of Caroline,305000,248888,0
S670.81,2026-02-21,300 STARR LN,The Village of Caroline,300000,248499,0
S115.28,2026-02-21,1469 DALZELL CT,The Village of Mallory Square,475000,249161,0
S115.106,2026-02-21,499 MALLORY HILL DR,The Village of Mallory Square,399000,248562,0
S115.200,2026-02-21,1605 LYNCHBURG LOOP,The Village of Mallory Square,525000,247953,0
S115.261,2026-02-21,628 MALLORY HILL DR,The Village of Mallory Square,425000,249183,0
S115.320,2026-02-21,647 MALLORY HILL DR,The Village of Mallory Square,439000,249284,0
S126.248,2026-02-21,587 LITTLE RIVER PATH,The Village of Mallory Square,384711,249270,0
S669.99,2026-02-21,277 VARNVILLE WAY,The Village of Mallory Square,279900,248952,0
S672.7,2026-02-21,422 CARLISLE CT,The Village of Mallory Square,379900,249294,0
S676.72,2026-02-21,1089 SUMMERTON ST,The Village of Sabal Chase,425000,248918,0
S118.97,2026-02-21,751 ASTOR WAY,The Village of Sabal Chase,629000,248289,0
S119.33,2026-02-21,1100 GOLDEN GROVE DR,The Village of Sabal Chase,424900,247409,0
S120.35,2026-02-21,1112 RIDGELAND PATH,The Village of Sabal Chase,570000,248349,0
S121.116,2026-02-21,1885 POPPY CIR,The Village of Sabal Chase,419000,248485,0
S122.75,2026-02-21,702 CORDOVA CIR,The Village of Largo,369000,248194,0
S122.128,2026-02-21,2176 BLACKVILLE DR,The Village of Largo,729000,249001,0
S122.328,2026-02-21,707 CORDOVA CIR,The Village of Largo,382500,249107,0
S105.73,2026-02-21,817 EVANS WAY,The Village of Bridgeport at Lake Sumter,1174000,248884,0
S105.83,2026-02-21,1128 HARLEY CIR,The Village of Bridgeport at Lake Sumter,1200000,247980,0
S127.153,2026-02-21,499 CORBETT DR,The Village of Amelia,295800,247591,0
S128.66,2026-02-21,561 INNER CIR,The Village of Amelia,1100000,248504,0
S130.56,2026-02-21,1908 HARSTON TRL,The Village of Amelia,297094,248269,0
S130.116,2026-02-21,486 KEYHOLE ST,The Village of Amelia,345000,248950,0
S700.28,2026-02-21,1986 KAY TER,The Village of Amelia,349000,248397,0
S700.59,2026-02-21,591 AUDREY LN,The Village of Amelia,324900,248145,0
S146.164,2026-02-21,1567 TALLOWTREE DR,The Village of Duval,339997,249342,0
S146.347,2026-02-21,2600 ENGLISH IVY CIR,The Village of Duval,349985,249309,0
S146.393,2026-02-21,2525 ENGLISH IVY CIR,The Village of Duval,449900,248732,0
S702.57,2026-02-21,2343 RIDGEWAY CT,The Village of Duval,340000,248986,0
S705.88,2026-02-21,2627 EVERWOOD CT,The Village of Duval,284900,249188,0
S714.44,2026-02-21,2395 CHESTNUT TER,The Village of Duval,339000,249334,0
S714.80,2026-02-21,1543 DOUBLE PALM PL,The Village of Duval,325000,247765,0
S707.19,2026-02-21,1409 CHATEAU WAY,The Village of Duval,359000,247806,0
S136.121,2026-02-21,984 BAISLEY TRL,The Village of Bonita,849900,248274,0
S136.144,2026-02-21,2264 QUINCY CT,The Village of Bonita,355000,248906,0
S136.159,2026-02-21,770 GOLIATH PL,The Village of Bonita,389000,248356,0
S140.10,2026-02-21,2323 BRAMBLE TER,The Village of Bonita,849000,248791,0
S141.87,2026-02-21,2296 HEATH SPRINGS DR,The Village of Bonita,1199999,249312,0
S712.29,2026-02-21,2371 OTHELLO CT,The Village of Bonita,368000,247631,0
S712.34,2026-02-21,737 LENORE LN,The Village of Bonita,344000,248300,0
S132.129,2026-02-21,2280 HACKNEY WAY,The Village of Hadley,357900,247091,0
S133.71,2026-02-21,2398 GATSBY LN,The Village of Hadley,849900,248941,0
S135.287,2026-02-21,504 AINSWORTH CIR,The Village of Hadley,369000,248811,0
S715.11,2026-02-21,2595 DARTFORD TER,The Village of Hadley,539000,248165,0
S715.32,2026-02-21,2644 BAINBRIDGE LN,The Village of Hadley,345000,248093,0
S138.56,2026-02-21,929 NASH LOOP,The Village of Hemingway,339700,249095,0
S138.118,2026-02-21,2566 JERICHO WAY,The Village of Hemingway,379900,249275,0
S138.206,2026-02-21,1048 NASH LOOP,The Village of Hemingway,324995,248985,0
S143.48,2026-02-21,2727 BECKETT RUN,The Village of Hemingway,875000,248060,0
S172.16,2026-02-21,2729 JANWOOD AVE,The Village of Hemingway,769000,249129,0
S710.58,2026-02-21,971 MARGAUX TRL,The Village of Hemingway,279800,249158,0
S708.25,2026-02-21,2552 MOSBY TER,The Village of Hemingway,425000,248733,0
S708.26,2026-02-21,2546 MOSBY TER,The Village of Hemingway,445000,248390,0
S708.43,2026-02-21,1064 BERG CT,The Village of Hemingway,398500,247572,0
S171.60,2026-02-21,2252 CLEARWATER RUN,The Village of Bridgeport at Miona Shores,1395000,249043,0
S171.84,2026-02-21,2257 CLEARWATER RUN,The Village of Bridgeport at Miona Shores,1900000,248254,0
S148.41,2026-02-21,1612 DUTCHESS LOOP,The Village of St. Charles,495000,249171,0
S148.53,2026-02-21,1729 DUTCHESS LOOP,The Village of St. Charles,489900,248404,0
S149.77,2026-02-21,1776 BASSINGER CT,The Village of St. Charles,299711,248928,0
S150.173,2026-02-21,2022 FOGGY BROOK LOOP,The Village of St. Charles,599900,248848,0
S823.52,2026-02-21,1792 ORANGE CT,The Village of St. Charles,289900,249223,0
S815.39,2026-02-21,1862 HALLANDALE LN,The Village of St. Charles,306900,249088,0
S815.70,2026-02-21,1858 ENDSLEY CT,The Village of St. Charles,299000,249215,0
S816.9,2026-02-21,1795 HORTENSIA PL,The Village of St. Charles,334900,248687,0
S816.50,2026-02-21,1791 HUCKLEBERRY ST,The Village of St. Charles,329500,249037,0
S821.14,2026-02-21,2219 JETTA WAY,The Village of Pennecamp,309550,249265,0
S821.17,2026-02-21,2237 JETTA WAY,The Village of Pennecamp,295999,249057,0
S809.44,2026-02-21,1937 NEEDLEWOOD LN,The Village of Pennecamp,324900,248325,0
S825.48,2026-02-21,2295 TRAILWINDS TER,The Village of Tamarind Grove,474900,249260,0
S825.81,2026-02-21,2323 NAUTILUS LN,The Village of Tamarind Grove,484900,247968,0
S155.11,2026-02-21,2341 MONTBROOK PL,The Village of Tamarind Grove,327000,248031,0
S155.92,2026-02-21,2393 HIGHBANKS CT,The Village of Tamarind Grove,316900,247611,0
S159.85,2026-02-21,2450 CARRIAGE HILL WAY,The Village of Tamarind Grove,675000,247491,0
S159.96,2026-02-21,2419 CARRIAGE HILL WAY,The Village of Tamarind Grove,868800,248689,0
S160.110,2026-02-21,2287 NEWBURN LN,The Village of Tamarind Grove,499985,248531,0
S160.150,2026-02-21,2499 BACHMAN PATH,The Village of Tamarind Grove,429900,249079,0
S160.193,2026-02-21,2370 BACHMAN PATH,The Village of Tamarind Grove,469900,248714,0
S811.44,2026-02-21,2264 WAYLAND ST,The Village of Tamarind Grove,365000,248833,0
S810.45,2026-02-21,2497 CEDAR KEY LN,The Village of Buttonwood,289000,248470,0
S810.47,2026-02-21,2505 CEDAR KEY LN,The Village of Buttonwood,299000,248862,0
S807.53,2026-02-21,2500 GRANVILLE TER,The Village of Buttonwood,319900,249007,0
S157.92,2026-02-21,2023 CHALMER TER,The Village of Buttonwood,789000,248341,0
S161.93,2026-02-21,2175 DORST LN,The Village of Buttonwood,469000,249012,0
S161.112,2026-02-21,2240 BACHMAN PATH,The Village of Buttonwood,539000,249105,0
S170.68,2026-02-21,2596 BUTTONWOOD RUN,The Village of Buttonwood,324900,248453,0
S170.200,2026-02-21,1965 DALECROFT TRL,The Village of Buttonwood,649900,246266,0
S170.270,2026-02-21,1963 HARDING PATH,The Village of Buttonwood,394500,247281,0
S812.64,2026-02-21,2292 CRESTVIEW ST,The Village of Buttonwood,414900,249156,0
S828.57,2026-02-21,1234 MERRYWEATHER WAY,The Village of Bridgeport-Creekside Landing,459500,248582,0
S828.59,2026-02-21,1226 MERRYWEATHER WAY,The Village of Bridgeport-Creekside Landing,470000,247948,0
S814.40,2026-02-21,1887 LOADSTAR AVE,The Village of St. James,499600,248009,0
S814.55,2026-02-21,1935 FAIRWINDS PL,The Village of St. James,354000,249021,0
S153.125,2026-02-21,2048 PAISLEY WAY,The Village of St. James,485000,249212,0
S175.31,2026-02-21,2924 JURGENSEN TER,The Village of Sanibel,497500,249327,0
S175.135,2026-02-21,664 ALWICK WAY,The Village of Sanibel,525000,248874,0
S176.32,2026-02-21,2875 ADRIENNE WAY,The Village of Sanibel,549000,248748,0
S176.68,2026-02-21,2966 BRADDY CT,The Village of Sanibel,549000,248301,0
S176.171,2026-02-21,2912 ASHER PATH,The Village of Sanibel,549900,246821,0
S177.9,2026-02-21,952 VANILLA LEAF PL,The Village of Sanibel,587000,248384,0
S177.117,2026-02-21,2921 FRENCH OAK AVE,The Village of Sanibel,539900,249035,0
S177.136,2026-02-21,923 VANILLA LEAF PL,The Village of Sanibel,519316,248662,0
S178.135,2026-02-21,3158 RAVEN CROFT TER,The Village of Sanibel,524900,249372,0
S949.56,2026-02-21,732 RICHFIELD ST,The Village of Sanibel,429900,249205,0
S802.80,2026-02-21,1021 MALLARD LN,The Village of Bridgeport - Edgewater,529000,249151,0
S205.213,2026-02-21,1269 TANGELO LN,The Village of Fernandina,504900,247936,0
S206.148,2026-02-21,3199 LAFAYETTE ST,The Village of Fernandina,529900,248855,0
S208.11,2026-02-21,1357 OWL DR,The Village of Fernandina,474900,247864,0
S208.60,2026-02-21,1244 THUNDERBIRD WAY,The Village of Fernandina,585000,248200,0
S208.83,2026-02-21,1328 MOCKINGBIRD LN,The Village of Fernandina,559000,248367,0
S208.110,2026-02-21,1276 MOCKINGBIRD LN,The Village of Fernandina,459000,248016,0
S215.8,2026-02-21,3361 BRASSIE TER,The Village of Fernandina,499900,248829,0
S215.122,2026-02-21,3354 RIDGEWOOD PATH,The Village of Fernandina,899999,248799,0
S941.59,2026-02-21,1109 TIPTON LN,The Village of Fernandina,344900,248288,0
S952.46,2026-02-21,1433 DYNASTY PL,The Village of Fernandina,278500,247586,0
S952.66,2026-02-21,1479 OLYMPIA ST,The Village of Fernandina,319900,249245,0
S181.49,2026-02-21,3389 GREENACRES TER,The Village of Charlotte,349900,249176,0
S181.157,2026-02-21,3462 GREENACRES TER,The Village of Charlotte,410000,248710,0
S196.48,2026-02-21,3372 MAYFLOWER LOOP,The Village of Charlotte,715000,248753,0
S196.176,2026-02-21,809 ENISGROVE WAY,The Village of Charlotte,559777,248544,0
S945.13,2026-02-21,3331 OVERLAND TER,The Village of Charlotte,369000,249196,0
S945.36,2026-02-21,3362 SEBASTION AVE,The Village of Charlotte,380000,248091,0
S188.53,2026-02-21,717 ROCKINGHAM RD,The Village of Charlotte,849000,247837,0
S209.70,2026-02-21,3138 AMHERST WAY,The Village of Gilchrist,689000,248273,0
S210.131,2026-02-21,2991 OLENDA DR,The Village of Gilchrist,574000,249068,0
S211.74,2026-02-21,3067 BUREAU PATH,The Village of Gilchrist,859316,248734,0
S211.165,2026-02-21,1594 NORWOOD ST,The Village of Gilchrist,585000,248726,0
S212.58,2026-02-21,2965 STEPPING STONE PATH,The Village of Gilchrist,724900,249072,0
S214.97,2026-02-21,3242 ORANGEDALE TER,The Village of Gilchrist,449900,249135,0
S953.43,2026-02-21,1751 BRANDENBURG CT,The Village of Gilchrist,335000,249081,0
S697.5,2026-02-21,5 HICKORY HEAD HAMMOCK,The Village of Hickory Head Hammock,499711,247990,0
S224.77,2026-02-21,2873 BORDER CT,The Village of Pinellas,540000,247655,0
S224.168,2026-02-21,1953 YEARLING WAY,The Village of Pinellas,450000,247580,0
S225.90,2026-02-21,1952 ALTAIR PATH,The Village of Pinellas,989900,247377,0
S951.4,2026-02-21,3056 NUTWOOD AVE,The Village of Pinellas,319000,248818,0
S951.73,2026-02-21,2447 UPTON ST,The Village of Pinellas,299000,247728,0
S943.8,2026-02-21,3070 GULFPORT CT,The Village of Pinellas,379000,247590,0
S943.13,2026-02-21,2396 INWOOD PL,The Village of Pinellas,399000,248980,0
S223.105,2026-02-21,3334 NORCOOSE RD,The Village of Collier,424900,246793,0
S232.143,2026-02-21,3434 WENTROP AVE,The Village of Collier,465000,248164,0
S232.146,2026-02-21,3454 WENTROP AVE,The Village of Collier,499900,248407,0
S959.57,2026-02-21,3401 ALWYNE AVE,The Village of Collier,305000,248715,0
S955.62,2026-02-21,2598 ALCADE PL,The Village of Collier,429600,249218,0
S216.57,2026-02-21,3446 ICHABOD WAY,The Village of Hillsborough,479000,248806,0
S217.162,2026-02-21,1583 LEMON LOOP,The Village of Hillsborough,569000,248551,0
S219.35,2026-02-21,3457 TISBURY AVE,The Village of Hillsborough,1050000,248119,0
S220.79,2026-02-21,2136 XANADU LOOP,The Village of Hillsborough,599000,249184,0
S964.72,2026-02-21,3773 IVEY TER,The Village of Hillsborough,274000,248878,0
S218.64,2026-02-21,3560 QUIETWOODS DR,The Village of Lake Deaton,535000,248030,0
S236H.147,2026-02-21,3872 WINE PALM WAY,The Village of Lake Deaton,530000,249307,0
S201.51,2026-02-21,3575 YATES AVE,The Village of Dunedin,619000,249099,0
S202.67,2026-02-21,1329 PINEY WOODS PATH,The Village of Dunedin,455800,247891,0
S202.128,2026-02-21,3706 MANGO CT,The Village of Dunedin,424999,249325,0
S203.14,2026-02-21,3683 FIR ST,The Village of Dunedin,477300,248695,0
S203.31,2026-02-21,3787 FIR ST,The Village of Dunedin,377500,249226,0
S237.38,2026-02-21,1489 PLANK ST,The Village of Dunedin,725000,246208,0
S237.119,2026-02-21,1405 QUARTZ AVE,The Village of Dunedin,515000,248622,0
S961.55,2026-02-21,924 NUTHATCH AVE,The Village of Dunedin,355000,249198,0
S962.54,2026-02-21,1390 VIOLA CT,The Village of Dunedin,289500,249201,0
S968.4,2026-02-21,1251 TAMBOURINE TER,The Village of Dunedin,342777,248658,0
S971.113,2026-02-21,562 AVECILLA DR,Haciendas of Mission Hills,799000,249229,0
S971.128,2026-02-21,646 AVECILLA DR,Haciendas of Mission Hills,847800,248824,0
S966.8,2026-02-21,3776 E TORCH LAKE DR,The Village of Collier at Antrim Dells,849900,247630,0
S966.61,2026-02-21,2433 DAY DR,The Village of Collier at Antrim Dells,589900,248929,0
S966.67,2026-02-21,2461 DAY DR,The Village of Collier at Antrim Dells,659900,248974,0
S966.167,2026-02-21,3949 E TORCH LAKE DR,The Village of Collier at Antrim Dells,575000,248620,0
S969.45,2026-02-21,2877 CHARLEVOIX ST,The Village of Collier at Alden Bungalows,514900,248660,0
S969.117,2026-02-21,2853 PETOSKEY PL,The Village of Collier at Alden Bungalows,545000,248955,0
S969.150,2026-02-21,3463 LEELANAU CT,The Village of Collier at Alden Bungalows,548888,248581,0
S969.160,2026-02-21,3444 LEELANAU CT,The Village of Collier at Alden Bungalows,549900,249283,0
S184.37,2026-02-21,3425 VINEYARD DR,The Village of Labelle,499000,248051,0
S184.99,2026-02-21,389 JUNCTION PL,The Village of Labelle,563700,249331,0
S185.99,2026-02-21,490 INDEPENDENCE PATH,The Village of Labelle,599900,248023,0
S186.59,2026-02-21,483 PINFISH CT,The Village of Labelle,769000,247658,0
S186.74,2026-02-21,468 INK SPOT WAY,The Village of Labelle,465000,249094,0
S833.113,2026-02-21,3256 SENNETT CIR,Oxford Oaks - Family Neighborhood,389000,249075,0
S833.122,2026-02-21,3274 SENNETT CIR,Oxford Oaks - Family Neighborhood,529999,247756,0
S833.130,2026-02-21,3290 SENNETT CIR,Oxford Oaks - Family Neighborhood,440400,249164,0
S833.143,2026-02-21,11201 MIDORA TER,Oxford Oaks - Family Neighborhood,799000,248672,0
S833.166,2026-02-21,3335 ROHAN RD,Oxford Oaks - Family Neighborhood,369000,247613,0
S833.186,2026-02-21,3269 SENNETT CIR,Oxford Oaks - Family Neighborhood,688000,248898,0
S833.189,2026-02-21,3275 SENNETT CIR,Oxford Oaks - Family Neighborhood,429000,248772,0
S833.206,2026-02-21,3342 TRULUCK PL,Oxford Oaks - Family Neighborhood,449000,249031,0
S833.222,2026-02-21,11170 HANSON TER,Oxford Oaks - Family Neighborhood,1079000,248537,0
S833.293,2026-02-21,11387 ZIMMERMAN PATH,Oxford Oaks - Family Neighborhood,424900,248637,0
S833.301,2026-02-21,11403 ZIMMERMAN PATH,Oxford Oaks - Family Neighborhood,455000,247943,0
S833.338,2026-02-21,11297 BERNING TER,Oxford Oaks - Family Neighborhood,644900,246876,0
S833.377,2026-02-21,11368 LAUFERSKY LANE,Oxford Oaks - Family Neighborhood,339900,249323,0
S833.404,2026-02-21,3526 THORNE PATH,Oxford Oaks - Family Neighborhood,425000,248417,0
S833.439,2026-02-21,3260 DZURO DR,Oxford Oaks - Family Neighborhood,1095000,247061,0
S833.548,2026-02-21,11379 SOUTAR AVE,Oxford Oaks - Family Neighborhood,339000,249365,0
S194.214,2026-02-21,4349 WATCH HILL ST,The Village of Osceola Hills,975000,249320,0
S195.166,2026-02-21,4267 TUSCALOOSA PATH,The Village of Osceola Hills,675000,248328,0
S195.174,2026-02-21,4317 TUSCALOOSA PATH,The Village of Osceola Hills,519000,249340,0
S957.17,2026-02-21,4063 WICKHAM CT,The Village of Osceola Hills,474700,248821,0
S958.37,2026-02-21,4138 XANTHUS CT,The Village of Osceola Hills,279000,248976,0
S958.38,2026-02-21,4142 XANTHUS CT,The Village of Osceola Hills,288000,248529,0
L25.9,2026-02-21,1186 BRUSKO DR,The Village of Pine Ridge,824900,248345,0
L28.46,2026-02-21,725 JONES LN,The Village of Pine Ridge,375000,246030,0
L35.5,2026-02-21,3179 MARKWARD DR,The Village of Pine Ridge,599900,248860,0
L35.115,2026-02-21,3208 MARKWARD DR,The Village of Pine Ridge,459000,248452,0
L36.61,2026-02-21,3193 TRUSSLER TER,The Village of Pine Ridge,399000,248627,0
L36.118,2026-02-21,3210 TRUSSLER TER,The Village of Pine Ridge,409900,249167,0
L37.14,2026-02-21,3170 DELK DR,The Village of Pine Ridge,929900,248456,0
L37.45,2026-02-21,3291 DELK DR,The Village of Pine Ridge,529000,249029,0
L104.53,2026-02-21,1061 CARVER CT,The Village of Pine Ridge,355000,245730,0
L105.51,2026-02-21,875 PARRISH PL,The Village of Pine Ridge,344900,248612,0
L30.89,2026-02-21,3317 FINK ST,The Village of Pine Hills,559000,248838,0
L31.118,2026-02-21,3457 BORROWMAN AVE,The Village of Pine Hills,1895000,249154,0
L32.57,2026-02-21,3371 BLAISE TER,The Village of Pine Hills,387000,249140,0
L33.32,2026-02-21,989 VAUGHN WAY,The Village of Pine Hills,499850,248671,0
L33.151,2026-02-21,978 HART DR,The Village of Pine Hills,499000,249034,0
L33.158,2026-02-21,963 HART DR,The Village of Pine Hills,489000,248136,0
L34.105,2026-02-21,3397 MCCABE ST,The Village of Pine Hills,555000,247037,0
L39.63,2026-02-21,1200 MCDONOUGH PL,The Village of Pine Hills,475000,249350,0
L39.111,2026-02-21,3283 WISE WAY,The Village of Pine Hills,599900,248166,0
S94.5,2026-02-21,1563 BLENHEIM TRL,The Village of Sunset Ridge at Sunset Pointe,979000,248450,0
S207.41,2026-02-21,2924 EMORY AVE,The Village of Fernandina at MacClenny,1220000,248486,0
S972.11,2026-02-21,392 WARTINBEE LN,The Village of Sanibel at Clifford,579900,248875,0
S972.23,2026-02-21,2860 RESMONDO RD,The Village of Sanibel at Clifford,674990,248992,0
S616.27,2026-02-21,5615 BOBCAT TER,The Village of Fenney,334900,248834,0
S616.39,2026-02-21,2808 BLACK BEAR LN,The Village of Fenney,399900,248368,0
S617.9,2026-02-21,5776 HONEYSUCKLE AVE,The Village of Fenney,349000,248822,0
S5F.12,2026-02-21,2638 TENNEY LN,The Village of Fenney,990000,249082,0
S1F.16,2026-02-21,3191 WARBLER LOOP,The Village of Fenney,674900,248959,0
S1F.17,2026-02-21,3187 WARBLER LOOP,The Village of Fenney,644000,247727,0
S2F.97,2026-02-21,3085 SPIDER LILY ST,The Village of Fenney,799999,249266,0
S2F.109,2026-02-21,2991 SPIDER LILY ST,The Village of Fenney,445000,249359,0
S2F.123,2026-02-21,5552 CEDAR WAXWING DR,The Village of Fenney,717500,248307,0
S4F.25,2026-02-21,5700 SEA GRAPES WAY,The Village of Fenney,797000,249096,0
S4F.73,2026-02-21,5783 ZEBRA LONGWING PATH,The Village of Fenney,839900,247992,0
S4F.93,2026-02-21,5698 ZEBRA LONGWING PATH,The Village of Fenney,999000,249166,0
S11F.90,2026-02-21,5868 WOOD STORK WAY,The Village of Fenney,619800,248601,0
S624.21,2026-02-21,3021 BEARD RD,The Village of Fenney,309000,248800,0
S624.56,2026-02-21,5866 MARSH CT,The Village of Fenney,305000,248845,0
S625.6,2026-02-21,3144 MERRIT LN,The Village of Fenney,369500,249175,0
S625.7,2026-02-21,3138 MERRIT LN,The Village of Fenney,449000,248965,0
S623.17,2026-02-21,5843 HOWELL TER,The Village of Fenney,235000,248970,0
S8F.73,2026-02-21,5821 GILMORE TER,The Village of Fenney,649977,248830,0
S10F.121,2026-02-21,5810 PENNEY LN,The Village of Fenney,599900,248754,0
S619.11,2026-02-21,2432 DOOLEY ST,The Village of DeSoto,484900,248172,0
S619.37,2026-02-21,2441 NELLIE RD,The Village of DeSoto,359900,248432,0
S619.66,2026-02-21,2402 NELLIE RD,The Village of DeSoto,399900,247725,0
S619.71,2026-02-21,2430 NELLIE RD,The Village of DeSoto,374900,248480,0
S621.28,2026-02-21,2444 LAY LN,The Village of DeSoto,445000,248996,0
S6F.76,2026-02-21,5872 HERNDON TER,The Village of DeSoto,629900,247161,0
S14V.43,2026-02-21,2259 GORDON PATH,The Village of McClure,1100000,248459,0
S14V.77,2026-02-21,2307 GORDON PATH,The Village of McClure,399900,248916,0
S17V.23,2026-02-21,2156 CANNON LOOP,The Village of McClure,1145000,247677,0
S719.3,2026-02-21,5710 CARLA CT,The Village of McClure,375000,247482,0
S719.14,2026-02-21,5690 TATMAN TER,The Village of McClure,420000,249355,0
S720.26,2026-02-21,2335 SNODGRASS LN,The Village of McClure,324000,249238,0
S720.39,2026-02-21,5609 MCCRAY AVE,The Village of McClure,289900,249348,0
S720.47,2026-02-21,5608 MCCRAY AVE,The Village of McClure,289500,248552,0
S722.19,2026-02-21,5740 SANBORN ST,The Village of McClure,699000,248426,0
S722.20,2026-02-21,5746 SANBORN ST,The Village of McClure,585000,248717,0
S722.21,2026-02-21,5752 SANBORN ST,The Village of McClure,675000,249302,0
S973.1,2026-02-21,2890 TORCH POINT LANE,The Village of Collier at Atwood Bungalows,545000,248465,0
S973.54,2026-02-21,2916 TORCH POINT LANE,The Village of Collier at Atwood Bungalows,599900,248744,0
S20V.12,2026-02-21,2297 DEMARCO DR,The Village of Marsh Bend,1495000,247493,0
S20V.62,2026-02-21,5314 EBY PL,The Village of Marsh Bend,459900,249211,0
S21V.9,2026-02-21,2385 JANESY CT,The Village of Marsh Bend,1795000,248416,0
S22V.32,2026-02-21,5429 REYNOLDS RD,The Village of Marsh Bend,599000,248510,0
S22V.41,2026-02-21,5422 ALFREDSON TER,The Village of Marsh Bend,599000,248978,0
S24V.22,2026-02-21,2770 DUNHAM DR,The Village of Marsh Bend,893900,248804,0
S26V.4,2026-02-21,5145 LAWLER LOOP,The Village of Marsh Bend,1195000,249335,0
S26V.14,2026-02-21,5089 LAWLER LOOP,The Village of Marsh Bend,1325000,249225,0
S28V.67,2026-02-21,5055 FRANCIS LOOP,The Village of Marsh Bend,429900,249193,0
S723.12,2026-02-21,5434 SAMUEL ST,The Village of Marsh Bend,347711,249106,0
S725.30,2026-02-21,5439 WEAVER AVE,The Village of Marsh Bend,315000,248469,0
S33V.50,2026-02-21,5784 HENRY LOOP,The Village of Linden,699999,249134,0
S34V.4,2026-02-21,1866 BEGAN PL,The Village of Linden,509900,247872,0
S35V.11,2026-02-21,5557 PARKYN PATH,The Village of Linden,749000,247369,0
S35V.28,2026-02-21,5631 PARKYN PATH,The Village of Linden,675000,248425,0
S35V.69,2026-02-21,1829 ALTON AVE,The Village of Linden,419000,248757,0
S732.14,2026-02-21,5665 FERNANDES CT,The Village of Linden,549000,248131,0
S732.25,2026-02-21,1945 RIEGER RD,The Village of Linden,579000,249179,0
S732.30,2026-02-21,1971 RIEGER RD,The Village of Linden,459000,248688,0
S733.56,2026-02-21,1954 CROMER PL,The Village of Linden,319000,249126,0
S36A.1,2026-02-21,5769 HICKEY WAY,The Village of Monarch Grove,724900,248790,0
S36V.2,2026-02-21,5709 HICKEY WAY,The Village of Monarch Grove,849000,249262,0
S36V.29,2026-02-21,1698 GERMAKIAN LN,The Village of Monarch Grove,429000,247519,0
S36V.47,2026-02-21,5822 HICKEY WAY,The Village of Monarch Grove,382800,247581,0
S36V.73,2026-02-21,1621 MANSERRA ST,The Village of Monarch Grove,384900,248517,0
S36V.79,2026-02-21,1596 MANSERRA ST,The Village of Monarch Grove,519000,249221,0
S37V.28,2026-02-21,5940 REBUSMEN RD,The Village of Monarch Grove,424900,248587,0
S38V.55,2026-02-21,1572 WILLIAMSON DR,The Village of Monarch Grove,749711,248346,0
S38V.64,2026-02-21,1516 WILLIAMSON DR,The Village of Monarch Grove,469000,248763,0
S38V.77,2026-02-21,6021 POLACHECK PL,The Village of Monarch Grove,429000,248240,0
S39V.101,2026-02-21,1690 HARTER WAY,The Village of Monarch Grove,409000,248475,0
S40V.35,2026-02-21,6007 KECKONEN DR,The Village of Monarch Grove,575000,249274,0
S40V.84,2026-02-21,1902 ZIENTARA LOOP,The Village of Monarch Grove,725000,248946,0
S41V.54,2026-02-21,6019 DIJULIO TER,The Village of Monarch Grove,434900,249152,0
S42V.11,2026-02-21,5922 FLINT LOOP,The Village of Monarch Grove,989000,249172,0
S42V.24,2026-02-21,5870 FLINT LOOP,The Village of Monarch Grove,834900,248421,0
S737.8,2026-02-21,1989 CERNY CT,The Village of Monarch Grove,374900,248428,0
S737.14,2026-02-21,2019 CERNY CT,The Village of Monarch Grove,489900,248935,0
S737.24,2026-02-21,5996 SCARDINO ST,The Village of Monarch Grove,399000,248927,0
S737.33,2026-02-21,5997 GAGNON TER,The Village of Monarch Grove,645000,248852,0
S737.35,2026-02-21,5987 GAGNON TER,The Village of Monarch Grove,389900,249222,0
S737.43,2026-02-21,1994 CERNY CT,The Village of Monarch Grove,397900,247955,0
S738.16,2026-02-21,6078 BUDNY AVE,The Village of Monarch Grove,315000,249112,0
S30A.21,2026-02-21,4860 CORDER RUN,The Village of DeLuna,1125000,248634,0
S31V.77,2026-02-21,2799 VICTOR CT,The Village of DeLuna,899000,248793,0
S731.35,2026-02-21,2779 KILCREASE LOOP,The Village of DeLuna,407000,249285,0
S731.47,2026-02-21,2826 KILCREASE LOOP,The Village of DeLuna,425000,248134,0
S117V.10,2026-02-21,3077 ELY CIR,The Village of DeLuna,580000,249276,0
S117V.21,2026-02-21,3143 ELY CIR,The Village of DeLuna,995000,249147,0
S117V.33,2026-02-21,4442 SHANNON LOOP,The Village of DeLuna,687000,248193,0
S117V.39,2026-02-21,3037 LICCIARDELLO PATH,The Village of DeLuna,599000,249104,0
S119V.1,2026-02-21,4577 WHITTINGTON CIR,The Village of DeLuna,969500,249022,0
S125V.41,2026-02-21,4714 WIGHTMAN CIR,The Village of DeLuna,749900,246583,0
S125V.57,2026-02-21,4640 WIGHTMAN CIR,The Village of DeLuna,579000,248823,0
S125V.108,2026-02-21,4681 WIGHTMAN CIR,The Village of DeLuna,549900,248022,0
S126V.35,2026-02-21,4634 RAMSELL RD,The Village of DeLuna,369811,248808,0
S133V.13,2026-02-21,4200 COLLERETTE CT,The Village of DeLuna,840000,248761,0
S133V.100,2026-02-21,3308 WIELENGA PL,The Village of DeLuna,1279000,248630,0
S134V.4,2026-02-21,3391 MILA LOOP,The Village of DeLuna,399000,247915,0
S134V.20,2026-02-21,4140 NADIRA CT,The Village of DeLuna,420000,248035,0
S135V.27,2026-02-21,3402 MELISSA LN,The Village of DeLuna,285000,249303,0
S135V.36,2026-02-21,3423 MELISSA LN,The Village of DeLuna,319900,249077,0
S136V.18,2026-02-21,4090 SILVANA WAY,The Village of DeLuna,276900,247791,0
S136V.38,2026-02-21,4101 CHARLEE LN,The Village of DeLuna,279900,247439,0
S137V.28,2026-02-21,3490 PIPER PL,The Village of DeLuna,424900,249118,0
S130V.13,2026-02-21,4284 GALE LN,The Village of DeLuna,324900,247774,0
S130V.16,2026-02-21,3167 MELLE PL,The Village of DeLuna,329900,247373,0
S132V.30,2026-02-21,4157 TIEDEMANN LOOP,The Village of DeLuna,389000,247878,0
S124V.34,2026-02-21,4550 BROOKE LN,The Village of DeLuna,799900,248590,0
S124V.60,2026-02-21,4549 BROOKE LN,The Village of DeLuna,528800,248120,0
S124V.63,2026-02-21,4531 BROOKE LN,The Village of DeLuna,649500,248343,0
S124V.64,2026-02-21,4525 BROOKE LN,The Village of DeLuna,648900,248919,0
S44A.31,2026-02-21,975 WILDER PATH,The Village of Chitty Chatty,797500,247822,0
S44V.7,2026-02-21,1140 COVEN CT,The Village of Chitty Chatty,850000,248085,0
S45V.5,2026-02-21,1039 AKIN WAY,The Village of Chitty Chatty,649900,248936,0
S45V.59,2026-02-21,813 AKIN WAY,The Village of Chitty Chatty,759000,248281,0
S741.14,2026-02-21,947 COUTURE ST,The Village of Chitty Chatty,415000,249162,0
S741.21,2026-02-21,4920 MACINTYRE LN,The Village of Chitty Chatty,379000,248805,0
S742.7,2026-02-21,4968 ELLIE LN,The Village of Chitty Chatty,339900,248525,0
S742.26,2026-02-21,4951 CARMEN CT,The Village of Chitty Chatty,239900,249200,0
S743.17,2026-02-21,4852 JOHN CRAMER CIR,The Village of Chitty Chatty,308500,249257,0
S744.49,2026-02-21,974 JAY ST,The Village of Chitty Chatty,474999,249345,0
S46V.34,2026-02-21,5396 GODINEZ CT,The Village of Bradford,499000,249214,0
S46V.37,2026-02-21,5375 MARLENE PL,The Village of Bradford,625000,248709,0
S46V.113,2026-02-21,1025 JARBOE AVE,The Village of Bradford,499500,248392,0
S46V.125,2026-02-21,974 RUTHIE RD,The Village of Bradford,499999,248396,0
S46V.174,2026-02-21,1005 RUTHIE RD,The Village of Bradford,439900,248724,0
S46V.194,2026-02-21,5431 BEDNARIK PL,The Village of Bradford,514900,248693,0
S46V.197,2026-02-21,5522 WARE WAY,The Village of Bradford,619747,249028,0
S47V.8,2026-02-21,1132 MAYNARD PATH,The Village of Bradford,699000,248152,0
S47V.9,2026-02-21,1126 MAYNARD PATH,The Village of Bradford,754800,248794,0
S47V.78,2026-02-21,1165 MAYNARD PATH,The Village of Bradford,565000,249279,0
S60V.7,2026-02-21,5181 BUCK ST,The Village of Bradford,739900,249054,0
S60V.30,2026-02-21,1142 BRENDA CT,The Village of Bradford,464850,249003,0
S60V.73,2026-02-21,1160 CHARLENE PL,The Village of Bradford,439000,249247,0
S61V.12,2026-02-21,1047 JANA CT,The Village of Bradford,274000,249061,0
S57V.2,2026-02-21,6074 CONLEY CT,The Village of Citrus Grove,589000,249237,0
S57V.5,2026-02-21,6052 CONLEY CT,The Village of Citrus Grove,625000,248789,0
S66V.3,2026-02-21,573 KAOLIN PATH,The Village of Citrus Grove,369000,248921,0
S66V.22,2026-02-21,6036 SWICORD ST,The Village of Citrus Grove,499000,248401,0
S67V.59,2026-02-21,6064 TOMPKINS ST,The Village of Citrus Grove,239900,248975,0
S58V.3,2026-02-21,6150 BARLEY PATH,The Village of Citrus Grove,1100000,248609,0
S59V.88,2026-02-21,295 PELCHAT PL,The Village of Citrus Grove,329000,248073,0
S59V.98,2026-02-21,278 PELCHAT PL,The Village of Citrus Grove,375000,248574,0
S71V.3,2026-02-21,6219 MULLIGAN RUN,The Village of Citrus Grove,1149800,248532,0
S71V.12,2026-02-21,6138 GRASSO CIR,The Village of Citrus Grove,1199900,247442,0
S71V.14,2026-02-21,6144 GRASSO CIR,The Village of Citrus Grove,1375316,248492,0
S71V.33,2026-02-21,6258 DANIELSON LOOP,The Village of Citrus Grove,929900,248463,0
S71V.202,2026-02-21,6362 MERHOTTEIN LOOP,The Village of Citrus Grove,424900,249280,0
S74V.12,2026-02-21,5992 MULLIGAN RUN,The Village of Citrus Grove,1399000,249314,0
S74V.119,2026-02-21,6144 SINGH LN,The Village of Citrus Grove,389999,248892,0
S74V.122,2026-02-21,6165 BRAMAN PL,The Village of Citrus Grove,799500,248868,0
S68V.12,2026-02-21,6186 DINGMAN WAY,The Village of Citrus Grove,344000,248353,0
S69V.4,2026-02-21,6283 WHITTLE CT,The Village of Citrus Grove,325000,249149,0
S72V.19,2026-02-21,652 PAXTON CT,The Village of Citrus Grove,799500,248923,0
S72V.22,2026-02-21,634 PAXTON CT,The Village of Citrus Grove,899511,248177,0
S72V.44,2026-02-21,639 PAXTON CT,The Village of Citrus Grove,619500,248228,0
S73V.5,2026-02-21,606 RITCH RD,The Village of Citrus Grove,409900,248128,0
S73V.43,2026-02-21,6128 RODRIGUEZ LN,The Village of Citrus Grove,369000,247803,0
S13F.48,2026-02-21,5693 BLANCHARD LN,The Village of Hammock at Fenney,1165000,248837,0
S139V.22,2026-02-21,5921 PRESENTI CT,The Village of Hammock at Fenney,440000,247814,0
S139V.30,2026-02-21,3793 STEPHANIE WAY,The Village of Hammock at Fenney,339900,248295,0
S139V.38,2026-02-21,3806 MITCHELLA LN,The Village of Hammock at Fenney,354900,248447,0
S140V.4,2026-02-21,3719 COYNE LOOP,The Village of Hammock at Fenney,1299000,248864,0
S140V.43,2026-02-21,6014 PHEIL PATH,The Village of Hammock at Fenney,915000,248872,0
S140V.63,2026-02-21,5857 MACKENZIE AVE,The Village of Hammock at Fenney,575000,248284,0
S140V.76,2026-02-21,3759 COYNE LOOP,The Village of Hammock at Fenney,1087000,249209,0
S141V.7,2026-02-21,3687 CAUSEY CT,The Village of Hammock at Fenney,879000,247687,0
S628.3,2026-02-21,3702 SUGARBERRY LN,The Village of Hammock at Fenney,569900,249066,0
S628.33,2026-02-21,5745 MARROT TER,The Village of Hammock at Fenney,429900,248124,0
S628.58,2026-02-21,5761 BRENNAN CT,The Village of Hammock at Fenney,511000,248316,0
S629.20,2026-02-21,5526 COTTRELL CT,The Village of Hammock at Fenney,645000,248920,0
S629.68,2026-02-21,5554 MILLICAN AVE,The Village of Hammock at Fenney,499000,247609,0
S629.69,2026-02-21,5548 MILLICAN AVE,The Village of Hammock at Fenney,424908,247388,0
S138V.36,2026-02-21,5853 VALENTE CT,The Village of Hammock at Fenney,319800,249130,0
S138V.47,2026-02-21,5881 BAMBOO AVE,The Village of Hammock at Fenney,314900,247855,0
S79V.56,2026-02-21,5838 JULIAN LOOP,The Village of Hawkins,555000,248644,0
S82V.31,2026-02-21,5716 BRETT WAY,The Village of Hawkins,1100000,248843,0
S86V.46,2026-02-21,1398 GATLIN PL,The Village of Hawkins,358000,248696,0
S87V.21,2026-02-21,5541 THOME LOOP,The Village of Hawkins,529500,247760,0
S87V.34,2026-02-21,5473 THOME LOOP,The Village of Hawkins,879000,248953,0
S87V.44,2026-02-21,5586 THOME LOOP,The Village of Hawkins,895600,249103,0
S88V.38,2026-02-21,1443 FRAZIER WAY,The Village of Hawkins,899000,248410,0
S92V.10,2026-02-21,5596 EVERTON CT,The Village of Hawkins,392000,248455,0
S94V.40,2026-02-21,1600 WAYCROSS PL,The Village of Hawkins,417900,247220,0
S94V.66,2026-02-21,5716 MELVIN DR,The Village of Hawkins,550000,247278,0
S81V.83,2026-02-21,5722 LEBOEUF LN,The Village of Hawkins,359000,248589,0
S85V.8,2026-02-21,1352 MARYBETH LN,The Village of Hawkins,244900,248275,0
S89V.28,2026-02-21,5862 SANFORD ST,The Village of Hawkins,464900,248317,0
S89V.49,2026-02-21,1315 MIZELL AVE,The Village of Hawkins,314900,248198,0
S89V.53,2026-02-21,1296 TATE TER,The Village of Hawkins,299500,247425,0
S90V.53,2026-02-21,1406 FRANKLIN CT,The Village of Hawkins,359000,249182,0
S93V.57,2026-02-21,5747 TINSLEY TER,The Village of Hawkins,270000,249235,0
S75V.32,2026-02-21,1054 SKATES ST,The Village of Cason Hammock,625000,249286,0
S75V.43,2026-02-21,1104 SKATES ST,The Village of Cason Hammock,925000,248338,0
S75V.94,2026-02-21,5881 MCCRANIE TER,The Village of Cason Hammock,777800,248654,0
S75V.105,2026-02-21,911 HUBBARD LOOP,The Village of Cason Hammock,1050000,247790,0
S75V.112,2026-02-21,862 HUBBARD LOOP,The Village of Cason Hammock,539555,248889,0
S77V.51,2026-02-21,958 TRIFU TER,The Village of Cason Hammock,524000,248984,0
S77V.91,2026-02-21,862 BOWDEN RD,The Village of Cason Hammock,479800,249168,0
S77V.102,2026-02-21,1077 OUTRIDGE LOOP,The Village of Cason Hammock,569000,248841,0
S76V.16,2026-02-21,5983 FREITAG AVE,The Village of Cason Hammock,629900,247073,0
S78V.11,2026-02-21,5991 HOLTON AVE,The Village of Cason Hammock,510000,249220,0
S48V.27,2026-02-21,1110 EBLING LOOP,The Village of St. Catherine,549000,247587,0
S48V.113,2026-02-21,5807 SCHAEFFER TER,The Village of St. Catherine,435000,248882,0
S48V.124,2026-02-21,5824 SCHAEFFER TER,The Village of St. Catherine,525000,249142,0
S49V.130,2026-02-21,5668 PATTERSON LOOP,The Village of St. Catherine,799000,247889,0
S51V.65,2026-02-21,5767 AMANDA TER,The Village of St. Catherine,535000,249143,0
S52V.79,2026-02-21,5659 TERESA TER,The Village of St. Catherine,649000,248968,0
S53V.31,2026-02-21,440 GILSON LOOP,The Village of St. Catherine,329900,248700,0
S53V.58,2026-02-21,535 GILSON LOOP,The Village of St. Catherine,328500,248538,0
S53V.65,2026-02-21,485 GILSON LOOP,The Village of St. Catherine,370000,249155,0
S55V.47,2026-02-21,598 GOUGH PL,The Village of St. Catherine,574000,247616,0
S56V.56,2026-02-21,5854 ROUDELL WAY,The Village of St. Catherine,620000,249230,0
S62V.23,2026-02-21,5747 KATHLEEN LN,The Village of St. Catherine,399900,248902,0
S64V.13,2026-02-21,5761 GILLESPIE LN,The Village of St. Catherine,315000,249267,0
S65V.48,2026-02-21,5937 WALTERS CT,The Village of St. Catherine,525000,248856,0
S99V.11,2026-02-21,4905 OKAHUMPKA RUN,The Village of St. Johns,899000,247592,0
S99V.40,2026-02-21,4769 OKAHUMPKA RUN,The Village of St. Johns,1399900,249206,0
S99V.66,2026-02-21,2448 YOUNGMANN LOOP,The Village of St. Johns,395000,248487,0
S99V.119,2026-02-21,2455 YOUNGMANN LOOP,The Village of St. Johns,365000,248706,0
S95V.34,2026-02-21,5448 BOAZ AVE,The Village of St. Johns,309900,248905,0
S97V.4,2026-02-21,1943 FRASER CT,The Village of St. Johns,824800,249208,0
S97V.16,2026-02-21,1997 FRASER CT,The Village of St. Johns,589995,247376,0
S98V.10,2026-02-21,4964 OKAHUMPKA RUN,The Village of St. Johns,899900,249319,0
S98V.94,2026-02-21,2202 LANDREA LOOP,The Village of St. Johns,439900,249073,0
S100V.16,2026-02-21,4842 NOREEN CT,The Village of St. Johns,294000,248354,0
S100V.44,2026-02-21,4861 NOREEN CT,The Village of St. Johns,329000,247290,0
S101V.10,2026-02-21,2400 RICH TER,The Village of St. Johns,297000,247865,0
S104V.12,2026-02-21,4370 STONY RUN,The Village of Richmond,1950000,247469,0
S105V.18,2026-02-21,4516 SHOCKOE CIR,The Village of Richmond,678000,246983,0
S105V.69,2026-02-21,2783 RANDOLPH LOOP,The Village of Richmond,1590000,248966,0
S105V.103,2026-02-21,4597 SHOCKOE CIR,The Village of Richmond,649900,248441,0
S105V.132,2026-02-21,4503 SHOCKOE CIR,The Village of Richmond,424900,248467,0
S110V.47,2026-02-21,2764 CHIMBORAZO WAY,The Village of Richmond,975000,248132,0
S110V.77,2026-02-21,2900 CHIMBORAZO WAY,The Village of Richmond,1074900,249364,0
S110V.96,2026-02-21,2915 CHIMBORAZO WAY,The Village of Richmond,410000,247954,0
S110V.106,2026-02-21,2892 OSBORNE ST,The Village of Richmond,434900,248963,0
S112V.14,2026-02-21,2816 NAVY HILL CIR,The Village of Richmond,419900,249253,0
S112V.70,2026-02-21,2781 NAVY HILL CIR,The Village of Richmond,409900,246680,0
S112V.91,2026-02-21,2848 CARYTOWN LOOP,The Village of Richmond,515000,248210,0
S115V.56,2026-02-21,2610 QUELLY RD,The Village of Richmond,599950,249117,0
S115V.57,2026-02-21,4207 WIDMANN PL,The Village of Richmond,624000,248773,0
S106V.2,2026-02-21,4314 CAMEO CIR,The Village of Richmond,419900,249305,0
S106V.16,2026-02-21,4438 CAMEO CIR,The Village of Richmond,409900,249272,0
S106V.23,2026-02-21,4307 CAMEO CIR,The Village of Richmond,445500,249310,0
S109V.14,2026-02-21,4249 MCCLOY AVE,The Village of Richmond,644900,248901,0
S114V.33,2026-02-21,3944 KANAWHA PL,The Village of Richmond,319000,248610,0
S114V.77,2026-02-21,3939 KANAWHA PL,The Village of Richmond,329900,248440,0
S113V.11,2026-02-21,3116 MONUMENT WAY,The Village of Richmond,479900,248430,0
S113V.27,2026-02-21,3135 FOUSHEE LOOP,The Village of Richmond,562900,249141,0
S142V.2,2026-02-21,4136 BOATWRIGHT AVE,The Village of Richmond,989000,248577,0
S142V.5,2026-02-21,4116 BOATWRIGHT AVE,The Village of Richmond,899000,248381,0
L41V.68,2026-02-21,6366 BRIDGET AVE,The Village of Newell,615000,248502,0
L44V.21,2026-02-21,1829 VANBECK CIR,The Village of Newell,1399000,248614,0
L44V.26,2026-02-21,1799 VANBECK CIR,The Village of Newell,1180000,248427,0
L44V.70,2026-02-21,1860 SEYLER ST,The Village of Newell,540000,248796,0
L44V.124,2026-02-21,6609 HOLOVAK TER,The Village of Newell,499000,248412,0
L48V.108,2026-02-21,1655 TANYA TER,The Village of Newell,579000,248847,0
L49V.15,2026-02-21,6559 WETTSTEIN WAY,The Village of Newell,610000,248129,0
L49V.22,2026-02-21,6584 WETTSTEIN WAY,The Village of Newell,584500,248787,0
L49V.24,2026-02-21,6574 WETTSTEIN WAY,The Village of Newell,769999,248451,0
L49V.59,2026-02-21,6428 MCKNIGHT LOOP,The Village of Newell,1150000,248971,0
L49V.77,2026-02-21,6441 RALPH RD,The Village of Newell,595000,247513,0
L49V.106,2026-02-21,2073 POSPISIL AVE,The Village of Newell,549000,249050,0
L49V.108,2026-02-21,2059 POSPISIL AVE,The Village of Newell,499850,248897,0
L51V.66,2026-02-21,6763 NEWELL LOOP,The Village of Newell,1088000,247778,0
L51V.69,2026-02-21,6777 NEWELL LOOP,The Village of Newell,1048999,248569,0
L51V.89,2026-02-21,6714 NEWELL LOOP,The Village of Newell,460000,249041,0
L51V.100,2026-02-21,6584 NEWELL LOOP,The Village of Newell,439900,248632,0
L42V.10,2026-02-21,6488 PETER LN,The Village of Newell,264900,248605,0
L42V.36,2026-02-21,1918 HUX CT,The Village of Newell,279000,248653,0
L45V.14,2026-02-21,6580 GUNNER TER,The Village of Newell,409000,249236,0
L45V.40,2026-02-21,6576 MERRILL LN,The Village of Newell,445000,248318,0
L47V.31,2026-02-21,1675 MCTUVEOUS CT,The Village of Newell,585900,248302,0
L50V.18,2026-02-21,2010 BOOTH PL,The Village of Newell,445000,248278,0
L50V.37,2026-02-21,6504 GAVANNI ST,The Village of Newell,419999,247896,0
L50V.39,2026-02-21,6523 FAHS LOOP,The Village of Newell,474000,247514,0
L53V.18,2026-02-21,6767 MARY LOOP,The Village of Newell,365000,247657,0
L53V.27,2026-02-21,6688 MARY LOOP,The Village of Newell,375600,249187,0
L54V.23,2026-02-21,1927 GINA PL,The Village of Newell,269900,249058,0
L54V.32,2026-02-21,1946 DONNA AVE,The Village of Newell,324500,248768,0
L54V.62,2026-02-21,6736 SADIE AVE,The Village of Newell,289900,248109,0
L55V.9,2026-02-21,6803 MICKYLEE RUN,The Village of Newell,599999,248859,0
L55V.12,2026-02-21,6829 MICKYLEE RUN,The Village of Newell,639900,248497,0
L55V.54,2026-02-21,6772 MICKYLEE RUN,The Village of Newell,425000,248736,0
L56V.58,2026-02-21,6953 MINCHEW CIR,The Village of Lake Denham,525000,249145,0
L56V.61,2026-02-21,6967 MINCHEW CIR,The Village of Lake Denham,484900,247922,0
L56V.112,2026-02-21,6900 MINCHEW CIR,The Village of Lake Denham,499000,249046,0
L60V.8,2026-02-21,6986 DWIGHT DR,The Village of Lake Denham,399900,248857,0
L60V.80,2026-02-21,1584 ROWELL ST,The Village of Lake Denham,499824,248771,0
L60V.104,2026-02-21,6995 DWIGHT DR,The Village of Lake Denham,725000,248206,0
L60V.115,2026-02-21,1557 PEAKMAN RD,The Village of Lake Denham,515000,248981,0
L60V.132,2026-02-21,1522 ORTWEIN LOOP,The Village of Lake Denham,465000,249044,0
L63V.5,2026-02-21,1495 GUILLERMINA LOOP,The Village of Lake Denham,399000,249263,0
L63V.17,2026-02-21,1431 GUILLERMINA LOOP,The Village of Lake Denham,520800,247759,0
L63V.36,2026-02-21,1443 JEREMY CIR,The Village of Lake Denham,359000,247350,0
L65V.5,2026-02-21,7084 EMILINE TER,The Village of Lake Denham,798000,248692,0
L65V.12,2026-02-21,7030 EMILINE TER,The Village of Lake Denham,899000,249076,0
L65V.110,2026-02-21,7035 LAWRENCEVILLE WAY,The Village of Lake Denham,599800,248765,0
L65V.115,2026-02-21,6964 SUGAR CREEK PATH,The Village of Lake Denham,509250,248311,0
L65V.161,2026-02-21,7050 SUGAR CREEK PATH,The Village of Lake Denham,589999,248810,0
L66V.7,2026-02-21,1257 ELKINGTON RD,The Village of Lake Denham,749000,249000,0
L66V.15,2026-02-21,1195 ELKINGTON RD,The Village of Lake Denham,569000,248394,0
L66V.46,2026-02-21,7083 TUCSON TRL,The Village of Lake Denham,1199000,248370,0
L66V.71,2026-02-21,1174 HANS LN,The Village of Lake Denham,369985,248169,0
L66V.98,2026-02-21,1188 ELKINGTON RD,The Village of Lake Denham,450000,248214,0
L66V.100,2026-02-21,1176 ELKINGTON RD,The Village of Lake Denham,559900,248439,0
L66V.108,2026-02-21,1185 HANS LN,The Village of Lake Denham,464500,248548,0
L68V.2,2026-02-21,1054 JOETTE PL,The Village of Lake Denham,384500,247941,0
L68V.17,2026-02-21,1124 JOETTE PL,The Village of Lake Denham,749000,249181,0
L72V.43,2026-02-21,965 EUGENE TER,The Village of Lake Denham,435000,249125,0
L58V.25,2026-02-21,1639 ECHOLS CT,The Village of Lake Denham,279000,248572,0
L59V.8,2026-02-21,1690 WILL LN,The Village of Lake Denham,465000,247406,0
L59V.19,2026-02-21,6986 ELAINE CT,The Village of Lake Denham,345000,248712,0
L61V.19,2026-02-21,1636 TIA TER,The Village of Lake Denham,399500,247875,0
L61V.20,2026-02-21,1632 TIA TER,The Village of Lake Denham,425000,248315,0
L62V.36,2026-02-21,7203 FAY CT,The Village of Lake Denham,237711,249251,0
L64V.30,2026-02-21,1386 KENNETH ST,The Village of Lake Denham,497386,248257,0
L64V.53,2026-02-21,7239 ANGEL AVE,The Village of Lake Denham,492550,248550,0
L64V.55,2026-02-21,7251 ANGEL AVE,The Village of Lake Denham,369000,247187,0
L64V.69,2026-02-21,7241 JEREMIAH TER,The Village of Lake Denham,569900,248679,0
L67V.2,2026-02-21,1186 LACHAPELLE LN,The Village of Lake Denham,314500,249160,0
L67V.43,2026-02-21,1195 LACHAPELLE LN,The Village of Lake Denham,279555,249259,0
L70V.8,2026-02-21,1108 WALSH LN,The Village of Lake Denham,424900,249180,0
L70V.22,2026-02-21,7275 TRUDY TER,The Village of Lake Denham,599000,247890,0
L70V.46,2026-02-21,1071 WALSH LN,The Village of Lake Denham,459000,247820,0
L70V.47,2026-02-21,1077 WALSH LN,The Village of Lake Denham,399000,248778,0
L71V.2,2026-02-21,1009 GORMSEN CT,The Village of Lake Denham,289900,249173,0
L71V.14,2026-02-21,1032 WELLMAN WAY,The Village of Lake Denham,279900,249159,0
L71V.18,2026-02-21,1012 WELLMAN WAY,The Village of Lake Denham,275000,248140,0
L71V.19,2026-02-21,1008 WELLMAN WAY,The Village of Lake Denham,274900,249074,0
L73V.10,2026-02-21,865 DONELIN CIR,The Village of Dabney,825000,249378,0
L73V.23,2026-02-21,7275 TRUNDLE TER,The Village of Dabney,1249900,247997,0
L73V.41,2026-02-21,807 SAGE ST,The Village of Dabney,419900,248216,0
L73V.76,2026-02-21,828 DONELIN CIR,The Village of Dabney,799900,248357,0
L78V.1,2026-02-21,703 ROSEMONT LOOP,The Village of Dabney,419000,245662,0
L78V.17,2026-02-21,755 CHERRY CREEK WAY,The Village of Dabney,425000,248513,0
L78V.51,2026-02-21,590 CHERRY CREEK WAY,The Village of Dabney,499999,248041,0
L78V.118,2026-02-21,605 CHERRY CREEK WAY,The Village of Dabney,349621,249010,0
L81V.10,2026-02-21,703 LAKE CREEK CIR,The Village of Dabney,589900,249292,0
L81V.19,2026-02-21,653 LAKE CREEK CIR,The Village of Dabney,675000,248814,0
L81V.82,2026-02-21,560 LAKE CREEK CIR,The Village of Dabney,414700,247512,0
L84V.33,2026-02-21,716 SHIVERS LOOP,The Village of Dabney,1275000,248039,0
L84V.37,2026-02-21,748 SHIVERS LOOP,The Village of Dabney,1589000,248752,0
L84V.51,2026-02-21,591 FLEMINGTON PATH,The Village of Dabney,1999800,248816,0
L84V.52,2026-02-21,585 FLEMINGTON PATH,The Village of Dabney,1185000,248558,0
L84V.71,2026-02-21,390 BEDMINSTER WAY,The Village of Dabney,1289000,249185,0
L79V.3,2026-02-21,7515 ALYSHA AVE,The Village of Dabney,534900,249271,0
L79V.8,2026-02-21,7535 ALYSHA AVE,The Village of Dabney,400000,248891,0
L79V.50,2026-02-21,7583 ALYSHA AVE,The Village of Dabney,374000,248002,0
L80V.5,2026-02-21,7541 KUENHER CT,The Village of Dabney,278850,248925,0
L80V.20,2026-02-21,680 JOSEPH WAY,The Village of Dabney,289900,248937,0
L82V.48,2026-02-21,494 VAN DEEN PL,The Village of Dabney,397000,247637,0
L82V.51,2026-02-21,506 VAN DEEN PL,The Village of Dabney,349000,247571,0
L83V.2,2026-02-21,503 VERLANDER ST,The Village of Dabney,539900,248024,0
L83V.15,2026-02-21,7539 HAGEMEYER PL,The Village of Dabney,399000,248326,0
L83V.35,2026-02-21,510 VERLANDER ST,The Village of Dabney,558500,248171,0
L77V.35,2026-02-21,7560 FAR HILLS LOOP,The Village of Dabney,475000,247834,0
L75V.25,2026-02-21,873 CONROE ST,The Village of Dabney,310000,249128,0
L75V.37,2026-02-21,821 CONROE ST,The Village of Dabney,299000,248853,0
L75V.66,2026-02-21,850 CONROE ST,The Village of Dabney,265500,248756,0
L75V.71,2026-02-21,828 CONROE ST,The Village of Dabney,294989,248867,0
S202V.7,2026-02-21,7961 KATIE KEITH LOOP,The Village of Moultrie Creek,1195000,249038,0
S202V.16,2026-02-21,7911 KATIE KEITH LOOP,The Village of Moultrie Creek,1199000,248895,0
S207V.11,2026-02-21,1651 WOELKERS CIR,The Village of Moultrie Creek,775000,248913,0
S210V.12,2026-02-21,1993 MCMURTRIE LOOP,The Village of Moultrie Creek,929000,247264,0
S210V.27,2026-02-21,1917 MCMURTRIE LOOP,The Village of Moultrie Creek,749800,248546,0
S210V.51,2026-02-21,7581 SUNDERMAN AVE,The Village of Moultrie Creek,475000,248536,0
S210V.52,2026-02-21,7593 SUNDERMAN AVE,The Village of Moultrie Creek,684900,249008,0
S210V.75,2026-02-21,1896 MCMURTRIE LOOP,The Village of Moultrie Creek,419900,247478,0
S210V.79,2026-02-21,7547 JARED TER,The Village of Moultrie Creek,459000,248722,0
S210V.108,2026-02-21,7582 JARED TER,The Village of Moultrie Creek,359000,247649,0
S210V.124,2026-02-21,1954 MCMURTRIE LOOP,The Village of Moultrie Creek,469900,248385,0
S211V.8,2026-02-21,1832 WALMER LN,The Village of Moultrie Creek,372000,248933,0
S211V.32,2026-02-21,1830 REECE PATTERSON DR,The Village of Moultrie Creek,300000,248347,0
S211V.34,2026-02-21,1842 REECE PATTERSON DR,The Village of Moultrie Creek,449000,248729,0
S211V.35,2026-02-21,1848 REECE PATTERSON DR,The Village of Moultrie Creek,349000,249033,0
S215V.24,2026-02-21,1745 MCMURTRIE LOOP,The Village of Moultrie Creek,539000,248466,0
S215V.47,2026-02-21,1708 MCMURTRIE LOOP,The Village of Moultrie Creek,507000,249217,0
S215V.49,2026-02-21,1714 MCMURTRIE LOOP,The Village of Moultrie Creek,425000,248433,0
S215V.58,2026-02-21,1762 MCMURTRIE LOOP,The Village of Moultrie Creek,379000,247352,0
S217V.10,2026-02-21,1742 JAMES GRAY ST,The Village of Moultrie Creek,409900,248747,0
S217V.11,2026-02-21,1738 JAMES GRAY ST,The Village of Moultrie Creek,385000,248684,0
S217V.31,2026-02-21,1650 MCMURTRIE LOOP,The Village of Moultrie Creek,549900,248668,0
S217V.49,2026-02-21,1788 JOHN BLAKE LN,The Village of Moultrie Creek,378888,248769,0
S217V.63,2026-02-21,1727 JAMES GRAY ST,The Village of Moultrie Creek,369900,247644,0
S203V.13,2026-02-21,7731 GRIFFIN LN,The Village of Moultrie Creek,589000,249224,0
S206V.5,2026-02-21,7734 BRIAN ETHEREDGE WAY,The Village of Moultrie Creek,814900,247070,0
S206V.19,2026-02-21,1788 CRANE DORAN PL,The Village of Moultrie Creek,1200000,249138,0
S214V.8,2026-02-21,7474 BOYSO TER,The Village of Moultrie Creek,335000,249282,0
S214V.38,2026-02-21,1758 HUGAR PL,The Village of Moultrie Creek,283900,249047,0
S213V.28,2026-02-21,1661 CADORETTE DR,The Village of Moultrie Creek,579000,247929,0
S213V.31,2026-02-21,1649 CADORETTE DR,The Village of Moultrie Creek,559000,247924,0
S213V.64,2026-02-21,1674 CADORETTE DR,The Village of Moultrie Creek,459500,247629,0
S209V.20,2026-02-21,2034 LAURA LOOP,The Village of Moultrie Creek,870000,248922,0
S212V.34,2026-02-21,1829 TIMON ST,The Village of Moultrie Creek,319000,248836,0
S1M.52,2026-02-21,7356 DANFORD PL,Middleton - Family Neighborhood,469000,249296,0
S1M.74,2026-02-21,2565 PADGETT PL,Middleton - Family Neighborhood,328000,247804,0
S1M.99,2026-02-21,7517 CHASTAIN CIR,Middleton - Family Neighborhood,404900,248310,0
S1M.125,2026-02-21,7641 BARONE TER,Middleton - Family Neighborhood,585000,249177,0
S1M.132,2026-02-21,7569 DINAPOLI CT,Middleton - Family Neighborhood,534000,248331,0
S1M.180,2026-02-21,7592 CHASTAIN CIR,Middleton - Family Neighborhood,319989,249256,0
S1M.182,2026-02-21,7602 CHASTAIN CIR,Middleton - Family Neighborhood,379900,248865,0
S1M.191,2026-02-21,2622 RUTER WAY,Middleton - Family Neighborhood,445000,248272,0
S1M.228,2026-02-21,2571 SKOBLICKI ST,Middleton - Family Neighborhood,410007,247700,0
S1M.240,2026-02-21,7506 CHASTAIN CIR,Middleton - Family Neighborhood,345000,248877,0
S1M.247,2026-02-21,7588 BOGART PL,Middleton - Family Neighborhood,459000,249299,0
S2M.12,2026-02-21,2683 CLEVELAND PL,Middleton - Family Neighborhood,649900,247707,0
S2M.21,2026-02-21,2627 CLEVELAND PL,Middleton - Family Neighborhood,715000,248851,0
S2M.42,2026-02-21,2465 ALDER AVE,Middleton - Family Neighborhood,449900,248478,0
S2M.263,2026-02-21,2744 CLEVELAND PL,Middleton - Family Neighborhood,468900,247534,0
S3M.47,2026-02-21,7825 BYERS ST,Middleton - Family Neighborhood,570000,247076,0
S4M.35,2026-02-21,7325 CATINAZZO CT,Middleton - Family Neighborhood,278900,248719,0
S4M.53,2026-02-21,7333 CUNNINGHAM PATH,Middleton - Family Neighborhood,420000,248512,0
S4M.238,2026-02-21,7383 JELANI WAY,Middleton - Family Neighborhood,364999,248422,0
S5M.284,2026-02-21,2210 MANSELL PATH,Middleton - Family Neighborhood,209000,249132,0
S181V.36,2026-02-21,1622 AIDEN AVE,The Village of Oak Hollow,297927,249109,0
S189V.22,2026-02-21,1823 ANNIE AVE,The Village of Oak Hollow,366702,249170,0
S219V.54,2026-02-21,7639 CHRIS CORLEY LOOP,The Village of Shady Brook,499000,248222,0
S219V.76,2026-02-21,1387 COWART CIR,The Village of Shady Brook,775000,248496,0
S219V.132,2026-02-21,7649 KELLEY MARGARET PL,The Village of Shady Brook,510000,249361,0
S219V.175,2026-02-21,1464 COWART CIR,The Village of Shady Brook,510000,248530,0
S221V.42,2026-02-21,7658 RUTHERFORD LN,The Village of Shady Brook,329711,249085,0
S222V.46,2026-02-21,7977 CARMEN RENE WAY,The Village of Shady Brook,1100000,248482,0
S222V.76,2026-02-21,1535 ANDREW MACHOL CT,The Village of Shady Brook,547300,248308,0
S222V.80,2026-02-21,1561 ANDREW MACHOL CT,The Village of Shady Brook,449800,249313,0
S225V.33,2026-02-21,7874 GOLDBERGER LN,The Village of Shady Brook,612000,249258,0
S225V.44,2026-02-21,1694 AMIDEI PATH,The Village of Shady Brook,899629,248565,0
S226V.33,2026-02-21,7945 CARMEN RENE WAY,The Village of Shady Brook,1150000,249087,0
S227V.44,2026-02-21,1635 KAREN PERKINS ST,The Village of Shady Brook,525000,248797,0
S227V.78,2026-02-21,7491 FRANK DIPIETRO DR,The Village of Shady Brook,399000,249169,0
S229V.30,2026-02-21,1416 TOM LN,The Village of Shady Brook,340000,248713,0
S229V.37,2026-02-21,7613 DANIEL HEARNS WAY,The Village of Shady Brook,349000,248071,0
S229V.63,2026-02-21,7617 BOONE AVE,The Village of Shady Brook,529000,249269,0
S230V.27,2026-02-21,1414 HEARNS LOOP,The Village of Shady Brook,649000,249123,0
S220V.15,2026-02-21,7653 ROTTERMOND WAY,The Village of Shady Brook,329811,249137,0
S220V.48,2026-02-21,1553 FERRY PL,The Village of Shady Brook,330000,249318,0
S228V.6,2026-02-21,1363 DARREN DR,The Village of Shady Brook,539900,248643,0
S228V.31,2026-02-21,7662 MAPP PL,The Village of Shady Brook,519900,249051,0
S218V.19,2026-02-21,1444 MESSER AVE,The Village of Shady Brook,549900,248638,0
S218V.32,2026-02-21,7726 SYDNEY CT,The Village of Shady Brook,524000,247367,0
S237V.43,2026-02-21,7415 SHAWN SCOTT RUN,The Village of Waters Edge,579900,249006,0
S237V.50,2026-02-21,7447 SHAWN SCOTT RUN,The Village of Waters Edge,439000,249078,0
S237V.52,2026-02-21,7455 SHAWN SCOTT RUN,The Village of Waters Edge,412500,248656,0
S248V.18,2026-02-21,1175 MAYR PL,The Village of Waters Edge,427711,248616,0
S248V.19,2026-02-21,1171 MAYR PL,The Village of Waters Edge,375000,248759,0
S248V.33,2026-02-21,1168 JELLO DR,The Village of Waters Edge,499711,249244,0
S234V.12,2026-02-21,1241 SHAYLA TER,The Village of Waters Edge,319500,248650,0
S234V.18,2026-02-21,7473 HEGLER ST,The Village of Waters Edge,289000,248153,0
S233V.18,2026-02-21,1308 NATE AVE,The Village of Waters Edge,359621,249080,0
S249V.53,2026-02-21,7195 JOSH DR,The Village of Waters Edge,695000,249055,0
S246V.20,2026-02-21,1192 LOGGINS LN,The Village of Waters Edge,599950,248839,0
S244V.5,2026-02-21,1400 LUELLEN PATH,The Village of Waters Edge,1199000,248322,0
S244V.32,2026-02-21,1391 CROCKTON PL,The Village of Waters Edge,889800,248987,0
S244V.42,2026-02-21,7330 ERNEST AVE,The Village of Waters Edge,559000,249291,0
S144V.12,2026-02-21,1886 YELLAND WAY,The Village of Well Point,587000,247913,0
S144V.15,2026-02-21,6260 HANNAN LOOP,The Village of Well Point,949000,247798,0
S144V.27,2026-02-21,6131 HANNAN LOOP,The Village of Well Point,909000,248813,0
S144V.80,2026-02-21,6166 HANNAN LOOP,The Village of Well Point,413900,247981,0
S146V.100,2026-02-21,1872 LYNN KEANE LOOP,The Village of Well Point,574900,248893,0
S149V.46,2026-02-21,1587 NORTHCOTT LOOP,The Village of Well Point,649000,248391,0
S183V.53,2026-02-21,2010 SANTINO AVE,The Village of Well Point,449999,249210,0
S151V.14,2026-02-21,1497 SOPHIE ST,The Village of Well Point,1148000,247450,0
S150V.34,2026-02-21,1576 GOOD PL,The Village of Well Point,397500,249100,0
